Country,Revenue,Orders,Units_Sold,Revenue_Share_%,Average_Order_Value
United Kingdom,9001744.094,18019,4646906,84.58607751590557,499.5695706753982
Netherlands,285446.34,94,200361,2.682234241469377,3036.663191489362
EIRE,283140.52,288,147007,2.6605672992389566,983.1268055555556
Germany,228678.4,457,119154,2.148806794175153,500.39037199124726
France,209625.37,392,112060,1.969772480861683,534.7585969387756
Australia,138453.81,57,83891,1.300999515509273,2429.0142105263158
Spain,61558.56,90,27933,0.5784431409684465,683.9839999999999
Switzerland,57067.6,54,30617,0.5362432420695176,1056.8074074074075
Belgium,41196.34,98,23237,0.3871068508750701,420.3708163265306
Sweden,38367.83,36,36078,0.36052838301193846,1065.7730555555556
Japan,37416.369999999995,19,26016,0.35158786343341286,1969.282631578947
Norway,36165.44,36,19336,0.3398333344396928,1004.5955555555556
Portugal,33683.05,58,16231,0.31650722887925314,580.7422413793104
Finland,22546.08,41,10704,0.21185721907279628,549.9043902439025
Singapore,21279.29,7,5241,0.19995365949395916,3039.8985714285714
Channel Islands,20440.54,26,9485,0.1920722343195028,786.1746153846154
Denmark,18955.34,18,8235,0.17811635632355327,1053.0744444444445
Italy,17483.24,38,8112,0.16428357420812287,460.08526315789476
Hong Kong,15483.0,11,4713,0.14548805481503235,1407.5454545454545
Cyprus,13502.85,16,6340,0.12688131376084477,843.928125
Austria,10198.68,17,4881,0.09583324387269743,599.9223529411765
Israel,8129.41,8,4406,0.07638907496569607,1016.17625
Poland,7334.65,19,3684,0.06892100763734917,386.03421052631575
Greece,4760.52,5,1557,0.044732855047991855,952.104
Unspecified,4740.94,13,3295,0.04454886899146027,364.68769230769226
Iceland,4310.0,7,2458,0.040499484353987564,615.7142857142857
Canada,3666.38,6,2763,0.03445162400133943,611.0633333333334
USA,3580.39,5,2458,0.03364360760700082,716.078
Malta,2725.59,5,970,0.0256113664873283,545.118
United Arab Emirates,1902.28,3,982,0.017875025312506603,634.0933333333334
Lebanon,1693.88,1,386,0.015916767182722148,1693.88
Lithuania,1661.06,4,652,0.015608369717177398,415.265
European Community,1300.25,4,499,0.012217970888926295,325.0625
Brazil,1143.6,1,356,0.01074598847035271,1143.6
RSA,1002.3100000000001,1,351,0.009418338320845772,1002.3100000000001
Czech Republic,826.74,2,671,0.007768571622927071,413.37
Bahrain,754.14,3,314,0.007086376132416748,251.38
Saudi Arabia,145.92,1,80,0.0013711565561331475,145.92
