YearMonth,Revenue,Orders,Units_Sold,Cancellation_Value,Cancellation_Invoices
2010-12,821452.73,1559,358019,74789.12,326
2011-01,689811.61,1086,387099,131364.30000000002,260
2011-02,522545.56,1100,282934,25569.24,219
2011-03,716215.26,1454,376599,34372.28,318
2011-04,536968.491,1246,307953,44601.5,240
2011-05,769296.61,1681,395001,47202.51,314
2011-06,760547.01,1533,388511,70616.78,329
2011-07,718076.121,1475,399693,37921.08,270
2011-08,757841.38,1361,421020,54333.75,278
2011-09,1056435.192,1837,569573,38902.55,333
2011-10,1151263.73,2040,621029,84274.63,362
2011-11,1503866.78,2769,751377,47740.08,441
2011-12,637790.33,819,313612,205124.67,146
